state,disaster_type,total_events,avg_damage,avg_deaths,avg_affected,avg_events_per_year,historical_vulnerability_index,risk_rank
Odisha,Storm,13,760000.0,12.0,3533083.6153846155,1.8571428571428572,40.70013376117313,1.0
Maharashtra,Flood,26,1377000.0,62.0,3735499.3076923075,1.4444444444444444,31.176655029215876,2.0
Maharashtra,Storm,10,863000.0,28.0,213965.3,1.6666666666666667,20.222781745101795,3.0
Assam,Flood,43,125000.0,61.0,3720601.930232558,1.72,19.27726696677679,4.0
Uttar Pradesh,Flood,24,110000.0,44.0,1449685.9583333333,1.411764705882353,4.960183441325053,5.0
Tamil Nadu,Flood,17,64000.0,30.0,771348.5882352941,1.4166666666666667,2.582882124235482,6.0
Uttar Pradesh,Extreme temperature,20,125000.0,122.5,25.0,1.5384615384615385,1.9499307430166504,7.0
Assam,Storm,6,50000.0,48.0,468207.1666666667,1.2,0.7694112788554535,8.0
Uttar Pradesh,Storm,16,25000.0,42.0,1537.6875,1.6,0.035580204698894266,9.0
Assam,Earthquake,3,75000.0,8.0,196339.33333333334,1.0,0.0,10.0
Maharashtra,Extreme temperature,6,400000.0,144.5,390.0,1.0,0.0,10.0
Rajasthan,Storm,1,125000.0,7.0,10000.0,1.0,0.0,10.0
Rajasthan,Flood,4,250000.0,180.0,160125.0,1.0,0.0,10.0
Rajasthan,Extreme temperature,1,125000.0,733.0,25000.0,1.0,0.0,10.0
Odisha,Flood,3,2050000.0,47.0,1263810.0,1.0,0.0,10.0
Tamil Nadu,Storm,12,487812.5,28.0,521666.6666666667,1.0,0.0,10.0
Tamil Nadu,Extreme temperature,1,125000.0,300.0,100000.0,1.0,0.0,10.0
Tamil Nadu,Earthquake,1,1022800.0,16389.0,654512.0,1.0,0.0,10.0
Uttar Pradesh,Earthquake,1,125000.0,78.0,560.0,1.0,0.0,10.0
